"Timestamp","What was the most frus­trating moment in 2D rocket league?","What was your favorite moment or aspect of what you just played?","Was there anything you wanted to do that you couldn’t?","If you could change, add, or remove anything from the expe­ri­ence, what would it be?"
"2019/06/07 2:15:04 PM MDT","Not winning(no win screen)","I like the two player mode","Gain boost over time, hit enemy","Hit enemy, interaction with enemy"
"2019/06/07 2:15:46 PM MDT","ball got stuck in corners","using boost","hit enemies","make players move faster. felt too slow"
"2019/06/07 2:19:30 PM MDT","When the ball got stuck in the corner","The game felt like a 2-D rocket league, albeit slower-paced. ","Score a goal","I'd increase the speed of the players, the game felt too sluggish. "
"2019/06/07 2:21:10 PM MDT","the corners","the physics are good","no","maybe try to do something for the conrers, like the ball is randomly shoot somewhere"
"2019/06/07 2:24:43 PM MDT","when I cant get the ball in the goal","it's simple and easy to play. fun","no","its good"
"2019/06/07 2:28:36 PM MDT","My own skill level","The collision with the ball is satisfying","Destroy the other player maybe","reset player positions after a goal"
"2019/06/07 2:42:03 PM MDT","The movement seemed a little sluggish (could be a little faster). Maybe boost speed and then make boost speed faster? Also the ball sometimes got stuck in a corner XD","The soccer collisions were good! Felt like it was pretty accurate though the ball stops really quickly.","Boost should probably be refilled slowly over time cause sometimes I couldn't go as fast as I wanted but didn't want to be put at a disadvantage.","Overall, very fun! Any changes I would make are mentioned above. Also probably a start menu would be nice!"
"2019/06/07 2:47:07 PM MDT","the character sometimes collide with eachother and I feel like I'm losing control of mine character for a short while after the collision","I like how the character has to turn around to kick the ball in the intended direction. Very realistic","I wish I can pass the ball over my opponent's head","I wish the player icon can be a little humanoid avatar instead of a ball"
"2019/06/07 2:49:13 PM MDT","Felt a bit delayed when pressing a button","Good colliding system, +1 and sound made goals rewarding","Nope","Maybe make the timer a bit shorter, also it was confusing that the WASD player started on the right and the arrow key player started on the left"
"2019/06/07 2:52:54 PM MDT","Some of the collisions felt a bit clunky.","The boost mechanic was very cool to use to get an upper hand.","I would have wanted to implement NPCs that can aid the 2 players to make it more diverse in terms of gameplay.","I would add sounds that indicate the boost being used or running out as a better notification, as well as add better indicators of the game ending, like an end screen or beeps when time runs out."
"2019/06/07 3:18:47 PM MDT","When the ball gets stuck on the sides","I really like boosting, adds strategy","Wanted to get the ball out of the sides/corners","I would add features to support 4 players if possible. Also give the ball momentum. Also also make the ball not stick to the sides."
"2019/06/07 3:27:34 PM MDT","The ball glitched and we couldn't finish the game.  The car didn't feel nice to move either","Scoring goals take a long time and definitely feel good when you get it.","I wished there were replays after each goal to feel more satisfying after scoring instead of just the +1","Replays, reset players after goals, more camera shakes, upgrade of graphics (feels really plain)"
"2019/06/07 3:32:15 PM MDT","When the goal was counted even though the ball wasn't even touching the goal.","The crazy physics are really fun to play with","Turning while boosting is pretty hard to do.","Some visuals to help with game feel, like confetti or something when you score. Just to make it even more satisfying"
"2019/06/07 3:37:40 PM MDT","There was a bit of a learning curve when it came to the physics of the controls, but once I got going it was ok","It was satisfying to go around collecting the yellow dots","Win","I would make the players bounce off eachother more bc that could add another element of strategy to play style"